year,code,title,unit_value,offered_by,college,course_subject,areas_of_interest,academic_career,mode_of_delivery,offered_in,url
2026,COMP1100,Programs and Courses,6 units,School of Computing,ANU College of Systems and Society,Computer Science,"Business Information Systems, Computer Science, Information Technology, Software Engineering, Engineering",UGRD,In Person,First Semester 2026 Second Semester 2026 See Future Offerings,https://programsandcourses.anu.edu.au/2026/course/COMP1100
2026,COMP1110,Programs and Courses,6 units,School of Computing,ANU College of Systems and Society,Computer Science,"Business Information Systems, Bioinformatics, Computer Science, Information Technology, Software Engineering More...",UGRD,In Person Co-taught Course COMP6710,First Semester 2026 Second Semester 2026 See Future Offerings,https://programsandcourses.anu.edu.au/2026/course/COMP1110
2026,COMP1130,Programs and Courses,6 units,School of Computing,ANU College of Systems and Society,Computer Science,"Computer Science, Information Technology, Software Engineering, Software Development, Computer Systems",UGRD,In Person Co-taught Course COMP1100,First Semester 2026 See Future Offerings,https://programsandcourses.anu.edu.au/2026/course/COMP1130
2026,COMP1140,Programs and Courses,6 units,School of Computing,ANU College of Systems and Society,Computer Science,"Bioinformatics, Computer Science, Mathematics, Information Technology, Software Engineering More...",UGRD,In Person Co-taught Course COMP1110,Second Semester 2026 See Future Offerings,https://programsandcourses.anu.edu.au/2026/course/COMP1140
2026,COMP1600,Programs and Courses,6 units,School of Computing,ANU College of Systems and Society,Computer Science,"Computer Science, Mathematics, Information Technology, Algorithms and Data, Computational Foundations",UGRD,In Person Co-taught Course COMP6260,Second Semester 2026 See Future Offerings,https://programsandcourses.anu.edu.au/2026/course/COMP1600
2026,COMP1710,Programs and Courses,6 units,School of Computing,ANU College of Systems and Society,Computer Science,"Digital Arts, Visual Arts, Information Technology, Software Engineering, Design Arts More...",UGRD,In Person Co-taught Course COMP6780,,https://programsandcourses.anu.edu.au/2026/course/COMP1710
2026,COMP1720,Programs and Courses,6 units,School of Computing,ANU College of Systems and Society,Computer Science,"Digital Arts, Information Technology, Design Arts, Advanced Computing, Creative Arts More...",UGRD,In Person Co-taught Course COMP6720,,https://programsandcourses.anu.edu.au/2026/course/COMP1720
2026,COMP1730,Programs and Courses,6 units,School of Computing,ANU College of Systems and Society,Computer Science,"Medical Science, Psychology, Statistics, Bioinformatics, Materials Science More...",UGRD,In Person Co-taught Course COMP6730,Second Semester 2026 See Future Offerings,https://programsandcourses.anu.edu.au/2026/course/COMP1730
2026,COMP2120,Programs and Courses,6 units,School of Computing,ANU College of Systems and Society,Computer Science,"Computer Science, Software Engineering, Software Development",UGRD,In Person Co-taught Course COMP6120,Second Semester 2026 See Future Offerings,https://programsandcourses.anu.edu.au/2026/course/COMP2120
2026,COMP2100,Programs and Courses,6 units,School of Computing,ANU College of Systems and Society,Computer Science,"Computer Science, Information Technology, Software Engineering, Software Development",UGRD,In Person Co-taught Course COMP6442,First Semester 2026 Second Semester 2026 See Future Offerings,https://programsandcourses.anu.edu.au/2026/course/COMP2100
2026,COMP2300,Programs and Courses,6 units,School of Computing,ANU College of Systems and Society,Computer Science,"Computer Science, Software Engineering, Engineering, Computer Systems, Computer Engineering",UGRD,In Person Co-taught Course COMP6300 ENGN2219,First Semester 2026 See Future Offerings,https://programsandcourses.anu.edu.au/2026/course/COMP2300
2026,COMP2310,Programs and Courses,6 units,School of Computing,ANU College of Systems and Society,Computer Science,"Information Technology, Software Engineering",UGRD,In Person Co-taught Course COMP6310,Second Semester 2026 See Future Offerings,https://programsandcourses.anu.edu.au/2026/course/COMP2310
2026,COMP2400,Programs and Courses,6 units,School of Computing,ANU College of Systems and Society,Computer Science,"Information Technology, Software Engineering, Information Systems, Algorithms and Data",UGRD,In Person Co-taught Course COMP6240,First Semester 2026 Second Semester 2026 See Future Offerings,https://programsandcourses.anu.edu.au/2026/course/COMP2400
2026,COMP2550,Programs and Courses,6 units,School of Computing,ANU College of Systems and Society,Computer Science,"Computer Science, Information Technology, Software Engineering, Advanced Computing",UGRD,In Person,First Semester 2026 See Future Offerings,https://programsandcourses.anu.edu.au/2026/course/COMP2550
2026,COMP2610,Programs and Courses,6 units,School of Computing,ANU College of Systems and Society,Computer Science,"Computer Science, Security Studies, Computational Foundations",UGRD,In Person Co-taught Course COMP6261,Second Semester 2026 See Future Offerings,https://programsandcourses.anu.edu.au/2026/course/COMP2610
2026,COMP2620,Programs and Courses,6 units,School of Computing,ANU College of Systems and Society,Computer Science,"Philosophy, Computer Science, Intelligent Systems, Artifical Intelligence, Computational Foundations",UGRD,In Person Co-taught Course COMP6262,First Semester 2026 See Future Offerings,https://programsandcourses.anu.edu.au/2026/course/COMP2620
2026,COMP2710,Programs and Courses,6 units,School of Computing,ANU College of Systems and Society,Computer Science,"Computer Science, Information Technology",UGRD,In Person,First Semester 2026 See Future Offerings,https://programsandcourses.anu.edu.au/2026/course/COMP2710
2026,COMP2700,Programs and Courses,6 units,School of Computing,ANU College of Systems and Society,Computer Science,"Computer Science, Information Technology, Security Studies, Computational Foundations",UGRD,In Person Co-taught Course COMP6800,First Semester 2026 See Future Offerings,https://programsandcourses.anu.edu.au/2026/course/COMP2700
2026,COMP3242,Programs and Courses,6 units,School of Computing,ANU College of Systems and Society,Computer Science,"Computer Science, Science, Robotics, Artifical Intelligence",UGRD,In Person Co-taught Course COMP6242,First Semester 2026 See Future Offerings,https://programsandcourses.anu.edu.au/2026/course/COMP3242
2026,COMP3300,Programs and Courses,6 units,School of Computing,ANU College of Systems and Society,Computer Science,"Computer Science, Information Technology, Algorithms and Data, Computer Systems, Computer Engineering",UGRD,In Person Co-taught Course COMP6330,Second Semester 2026 See Future Offerings,https://programsandcourses.anu.edu.au/2026/course/COMP3300
2026,COMP3310,Programs and Courses,6 units,School of Computing,ANU College of Systems and Society,Computer Science,"Computer Science, Information Technology, Software Engineering, Communications, Computer Engineering",UGRD,In Person Co-taught Course COMP6331 ENGN3539 ENGN6539,First Semester 2026 See Future Offerings,https://programsandcourses.anu.edu.au/2026/course/COMP3310
2026,COMP3320,Programs and Courses,6 units,School of Computing,ANU College of Systems and Society,Computer Science,"Computer Science, Information Technology, Software Engineering, Software Development, Computer Systems",UGRD,In Person Co-taught Course COMP6464,Second Semester 2026 See Future Offerings,https://programsandcourses.anu.edu.au/2026/course/COMP3320
2026,COMP3425,Programs and Courses,6 units,School of Computing,ANU College of Systems and Society,Computer Science,"Computer Science, Information Technology, Electronics, Algorithms and Data, Computational Foundations",UGRD,In Person Co-taught Course COMP8410,First Semester 2026 See Future Offerings,https://programsandcourses.anu.edu.au/2026/course/COMP3425
2026,COMP3430,Programs and Courses,6 units,School of Computing,ANU College of Systems and Society,Computer Science,"Computer Science, Advanced Computing, Information - Intensive Computing, Algorithms and Data",UGRD,In Person Co-taught Course COMP8430,Second Semester 2026 See Future Offerings,https://programsandcourses.anu.edu.au/2026/course/COMP3430
2026,COMP3500,Programs and Courses,6 units,School of Computing,ANU College of Systems and Society,Computer Science,"Computer Science, Information Technology, Software Engineering, Software Development",UGRD,In Person,First Semester 2026 Second Semester 2026 See Future Offerings,https://programsandcourses.anu.edu.au/2026/course/COMP3500
2026,COMP3540,Programs and Courses,6 units,School of Computing,ANU College of Systems and Society,Computer Science,"Computer Science, Human Centred Computing, Creative Arts",UGRD,In Person Co-taught Course COMP6540,,https://programsandcourses.anu.edu.au/2026/course/COMP3540
2026,COMP3600,Programs and Courses,6 units,School of Computing,ANU College of Systems and Society,Computer Science,"Computer Science, Software Engineering, Algorithms and Data, Computational Foundations",UGRD,In Person Co-taught Course COMP6466,Second Semester 2026 See Future Offerings,https://programsandcourses.anu.edu.au/2026/course/COMP3600
2026,COMP3610,Programs and Courses,6 units,School of Computing,ANU College of Systems and Society,Computer Science,"Computer Science, Software Engineering, Computational Foundations",UGRD,In Person Co-taught Course COMP6361,See Future Offerings,https://programsandcourses.anu.edu.au/2026/course/COMP3610
2026,COMP3630,Programs and Courses,6 units,School of Computing,ANU College of Systems and Society,Computer Science,"Computer Science, Advanced Computing, Computational Foundations",UGRD,In Person Co-taught Course COMP6363,First Semester 2026 See Future Offerings,https://programsandcourses.anu.edu.au/2026/course/COMP3630
2026,COMP3620,Programs and Courses,6 units,School of Computing,ANU College of Systems and Society,Computer Science,"Computer Science, Intelligent Systems, Artifical Intelligence",UGRD,In Person Co-taught Course COMP6320,First Semester 2026 See Future Offerings,https://programsandcourses.anu.edu.au/2026/course/COMP3620
2026,COMP3670,Programs and Courses,6 units,School of Computing,ANU College of Systems and Society,Computer Science,"Computer Science, Algorithms and Data, Artifical Intelligence, Computer Systems",UGRD,In Person Co-taught Course COMP6670,Second Semester 2026 See Future Offerings,https://programsandcourses.anu.edu.au/2026/course/COMP3670
2026,COMP3704,Programs and Courses,6 units,School of Computing,ANU College of Systems and Society,Computer Science,"Computer Science, Information Technology, Security Studies",UGRD,In Person Co-taught Course COMP6034,Second Semester 2026 See Future Offerings,https://programsandcourses.anu.edu.au/2026/course/COMP3704
2026,COMP3703,Programs and Courses,6 units,School of Computing,ANU College of Systems and Society,Computer Science,"Computer Science, Security Studies, Artifical Intelligence",UGRD,In Person,,https://programsandcourses.anu.edu.au/2026/course/COMP3703
2026,COMP3710,Programs and Courses,6 units,School of Computing,ANU College of Systems and Society,Computer Science,"Computer Science, Information Technology",UGRD,In Person,,https://programsandcourses.anu.edu.au/2026/course/COMP3710
2026,COMP3740,Programs and Courses,6 units,School of Computing,ANU College of Systems and Society,Computer Science,"Computer Science, Information Technology",UGRD,In Person,First Semester 2026 Second Semester 2026 See Future Offerings,https://programsandcourses.anu.edu.au/2026/course/COMP3740
2026,COMP3770,Programs and Courses,6 units,School of Computing,ANU College of Systems and Society,Computer Science,"Computer Science, Information Technology, Software Development",UGRD,In Person,First Semester 2026 Second Semester 2026 See Future Offerings,https://programsandcourses.anu.edu.au/2026/course/COMP3770
2026,COMP3820,Programs and Courses,12 units,School of Computing,ANU College of Systems and Society,Computer Science,"Computer Science, Information Technology, Software Engineering, Software Development",UGRD,In Person,,https://programsandcourses.anu.edu.au/2026/course/COMP3820
2026,COMP3900,Programs and Courses,6 units,School of Computing,ANU College of Systems and Society,Computer Science,"Computer Science, Information Technology, Software Engineering, Human Centred Computing",UGRD,In Person Co-taught Course COMP6390,Second Semester 2026 See Future Offerings,https://programsandcourses.anu.edu.au/2026/course/COMP3900
2026,COMP4011,Programs and Courses,6 units,School of Computing,ANU College of Systems and Society,Computer Science,"Computer Science, Information Technology, Security Studies, Algorithms and Data, Computational Foundations",UGRD,In Person Co-taught Course COMP8011,Second Semester 2026 See Future Offerings,https://programsandcourses.anu.edu.au/2026/course/COMP4011
2026,COMP4020,Programs and Courses,6 units,School of Computing,ANU College of Systems and Society,Computer Science,,UGRD,In Person Co-taught Course COMP8020,Second Semester 2026 See Future Offerings,https://programsandcourses.anu.edu.au/2026/course/COMP4020
2026,COMP4045,Programs and Courses,6 units,School of Computing,ANU College of Systems and Society,Computer Science,"Computer Science, Information Technology, Computer Systems",UGRD,In Person Co-taught Course COMP8045,Second Semester 2026 See Future Offerings,https://programsandcourses.anu.edu.au/2026/course/COMP4045
2026,COMP4130,Programs and Courses,6 units,School of Computing,ANU College of Systems and Society,Computer Science,"Computer Science, Software Engineering, Security Studies, Software Development",UGRD,In Person Co-taught Course COMP8131,First Semester 2026 See Future Offerings,https://programsandcourses.anu.edu.au/2026/course/COMP4130
2026,COMP4300,Programs and Courses,6 units,School of Computing,ANU College of Systems and Society,Computer Science,"Computer Science, Information Technology",UGRD,In Person Co-taught Course COMP8300,See Future Offerings,https://programsandcourses.anu.edu.au/2026/course/COMP4300
2026,COMP4350,Programs and Courses,6 units,School of Computing,ANU College of Systems and Society,Computer Science,"Music, Computer Science, Advanced Computing, Human Centred Computing, Creative Arts",UGRD,In Person Co-taught Course COMP8350,See Future Offerings,https://programsandcourses.anu.edu.au/2026/course/COMP4350
2026,COMP4425,Programs and Courses,6 units,School of Computing,ANU College of Systems and Society,Computer Science,"Computer Science, Information Technology, Electronics, Algorithms and Data, Computational Foundations",UGRD,In Person Co-taught Course COMP8410,See Future Offerings,https://programsandcourses.anu.edu.au/2026/course/COMP4425
2026,COMP4450,Programs and Courses,6 units,School of Computing,ANU College of Systems and Society,Computer Science,"Computer Science, Information Technology, Software Engineering, Ethics, Advanced Computing",UGRD,In Person Co-taught Course COMP6445,First Semester 2026 See Future Offerings,https://programsandcourses.anu.edu.au/2026/course/COMP4450
2026,COMP4500,Programs and Courses,6 units,School of Computing,ANU College of Systems and Society,Computer Science,"Computer Science, Software Engineering, Advanced Computing, Software Development, Project Management",UGRD,In Person,First Semester 2026 Second Semester 2026 See Future Offerings,https://programsandcourses.anu.edu.au/2026/course/COMP4500
2026,COMP4528,Programs and Courses,6 units,School of Computing,ANU College of Systems and Society,Computer Science,"Computer Science, Engineering, Mechatronics, Advanced Computing, Information Systems",UGRD,In Person Co-taught Course COMP6528 ENGN4528 ENGN6528,First Semester 2026 See Future Offerings,https://programsandcourses.anu.edu.au/2026/course/COMP4528
2026,COMP4550,Programs and Courses,12 units,School of Computing,ANU College of Systems and Society,Computer Science,"Computer Science, Information Technology",UGRD,In Person,First Semester 2026 Second Semester 2026 See Future Offerings,https://programsandcourses.anu.edu.au/2026/course/COMP4550
2026,COMP4600,Programs and Courses,6 units,School of Computing,ANU College of Systems and Society,Computer Science,"Algorithms and Data, Computational Foundations",UGRD,In Person Co-taught Course COMP8460,First Semester 2026 See Future Offerings,https://programsandcourses.anu.edu.au/2026/course/COMP4600
2026,COMP4610,Programs and Courses,6 units,School of Computing,ANU College of Systems and Society,Computer Science,"Computer Science, Information Technology, Human Centred Computing, Intelligent Systems, Computer Systems",UGRD,In Person Co-taught Course COMP8610,First Semester 2026 See Future Offerings,https://programsandcourses.anu.edu.au/2026/course/COMP4610
2026,COMP4620,Programs and Courses,6 units,School of Computing,ANU College of Systems and Society,Computer Science,"Computer Science, Robotics, Intelligent Systems, Artifical Intelligence",UGRD,In Person Co-taught Course COMP8620,Second Semester 2026 See Future Offerings,https://programsandcourses.anu.edu.au/2026/course/COMP4620
2026,COMP4650,Programs and Courses,6 units,School of Computing,ANU College of Systems and Society,Computer Science,"Computer Science, Advanced Computing, Algorithms and Data",UGRD,In Person Co-taught Course COMP6490,Second Semester 2026 See Future Offerings,https://programsandcourses.anu.edu.au/2026/course/COMP4650
2026,COMP4670,Programs and Courses,6 units,School of Computing,ANU College of Systems and Society,Computer Science,"Computer Science, Intelligent Systems, Algorithms and Data, Artifical Intelligence",UGRD,In Person Co-taught Course COMP8600,First Semester 2026 See Future Offerings,https://programsandcourses.anu.edu.au/2026/course/COMP4670
2026,COMP4680,Programs and Courses,6 units,School of Computing,ANU College of Systems and Society,Computer Science,"Computer Science, Information Technology, Robotics, Advanced Computing, Artifical Intelligence",UGRD,In Person Co-taught Course COMP8650,First Semester 2026 See Future Offerings,https://programsandcourses.anu.edu.au/2026/course/COMP4680
2026,COMP4712,Programs and Courses,6 units,School of Computing,ANU College of Systems and Society,Computer Science,"Computer Science, Software Engineering, Advanced Computing, Computer Systems, Computer Engineering",UGRD,In Person Co-taught Course COMP8712,First Semester 2026 See Future Offerings,https://programsandcourses.anu.edu.au/2026/course/COMP4712
2026,COMP4691,Programs and Courses,6 units,School of Computing,ANU College of Systems and Society,Computer Science,,UGRD,In Person Co-taught Course COMP8691,Second Semester 2026 See Future Offerings,https://programsandcourses.anu.edu.au/2026/course/COMP4691
2026,COMP4703,Programs and Courses,6 units,School of Computing,ANU College of Systems and Society,Computer Science,"Computer Science, Software Engineering, Security Studies, Artifical Intelligence",UGRD,In Person Co-taught Course COMP8703,First Semester 2026 See Future Offerings,https://programsandcourses.anu.edu.au/2026/course/COMP4703
2026,COMP4820,Programs and Courses,12 units,School of Computing,ANU College of Systems and Society,Computer Science,"Computer Science, Advanced Computing",UGRD,In Person,First Semester 2026 Second Semester 2026 See Future Offerings,https://programsandcourses.anu.edu.au/2026/course/COMP4820
2026,COMP6034,Programs and Courses,6 units,School of Computing,ANU College of Systems and Society,Computer Science,"Computer Science, Information Technology, Security Studies, Software Development",PGRD,In Person Co-taught Course COMP3704,Second Semester 2026 See Future Offerings,https://programsandcourses.anu.edu.au/2026/course/COMP6034
2026,COMP6120,Programs and Courses,6 units,School of Computing,ANU College of Systems and Society,Computer Science,"Computer Science, Software Engineering, Software Development",PGRD,In Person Co-taught Course COMP2120,Second Semester 2026 See Future Offerings,https://programsandcourses.anu.edu.au/2026/course/COMP6120
2026,COMP6250,Programs and Courses,6 units,School of Computing,ANU College of Systems and Society,Computer Science,"Computer Science, Ethics, Communications, Computer Systems, Computer Engineering",PGRD,In Person Co-taught Course ENGN6250,,https://programsandcourses.anu.edu.au/2026/course/COMP6250
2026,COMP6260,Programs and Courses,6 units,School of Computing,ANU College of Systems and Society,Computer Science,"Computer Science, Mathematics, Information Technology, Algorithms and Data, Computational Foundations",PGRD,In Person Co-taught Course COMP1600,Second Semester 2026 See Future Offerings,https://programsandcourses.anu.edu.au/2026/course/COMP6260
2026,COMP6261,Programs and Courses,6 units,School of Computing,ANU College of Systems and Society,Computer Science,"Information Technology, Information Systems, Artifical Intelligence, Computational Foundations",PGRD,In Person Co-taught Course COMP2610,Second Semester 2026 See Future Offerings,https://programsandcourses.anu.edu.au/2026/course/COMP6261
2026,COMP6262,Programs and Courses,6 units,School of Computing,ANU College of Systems and Society,Computer Science,"Philosophy, Computer Science, Intelligent Systems, Artifical Intelligence, Computational Foundations",PGRD,In Person Co-taught Course COMP2620,First Semester 2026 See Future Offerings,https://programsandcourses.anu.edu.au/2026/course/COMP6262
2026,COMP6240,Programs and Courses,6 units,School of Computing,ANU College of Systems and Society,Computer Science,"Business Information Systems, Information Technology, Software Development, Algorithms and Data",PGRD,In Person Co-taught Course COMP2400,First Semester 2026 Second Semester 2026 See Future Offerings,https://programsandcourses.anu.edu.au/2026/course/COMP6240
2026,COMP6242,Programs and Courses,6 units,School of Computing,ANU College of Systems and Society,Computer Science,"Computer Science, Science, Robotics, Artifical Intelligence",PGRD,In Person Co-taught Course COMP3242,First Semester 2026 See Future Offerings,https://programsandcourses.anu.edu.au/2026/course/COMP6242
2026,COMP6300,Programs and Courses,6 units,School of Computing,ANU College of Systems and Society,Computer Science,"Computer Science, Software Engineering, Engineering, Computer Systems, Computer Engineering",PGRD,In Person Co-taught Course COMP2300 ENGN2219,First Semester 2026 See Future Offerings,https://programsandcourses.anu.edu.au/2026/course/COMP6300
2026,COMP6310,Programs and Courses,6 units,School of Computing,ANU College of Systems and Society,Computer Science,"Computer Science, Computer Systems, Computer Engineering",PGRD,In Person Co-taught Course COMP2310,Second Semester 2026 See Future Offerings,https://programsandcourses.anu.edu.au/2026/course/COMP6310
2026,COMP6320,Programs and Courses,6 units,School of Computing,ANU College of Systems and Society,Computer Science,"Computer Science, Information Technology, Intelligent Systems, Artifical Intelligence",PGRD,In Person Co-taught Course COMP3620,First Semester 2026 See Future Offerings,https://programsandcourses.anu.edu.au/2026/course/COMP6320
2026,COMP6330,Programs and Courses,6 units,School of Computing,ANU College of Systems and Society,Computer Science,"Computer Science, Information Technology, Algorithms and Data, Computer Systems, Computer Engineering",PGRD,In Person Co-taught Course COMP3300,Second Semester 2026 See Future Offerings,https://programsandcourses.anu.edu.au/2026/course/COMP6330
2026,COMP6331,Programs and Courses,6 units,School of Computing,ANU College of Systems and Society,Computer Science,"Computer Science, Information Technology, Software Engineering, Communications, Computer Engineering",PGRD,In Person Co-taught Course COMP3310 ENGN3539 ENGN6539,First Semester 2026 See Future Offerings,https://programsandcourses.anu.edu.au/2026/course/COMP6331
2026,COMP6363,Programs and Courses,6 units,School of Computing,ANU College of Systems and Society,Computer Science,"Computer Science, Advanced Computing, Algorithms and Data",PGRD,In Person Co-taught Course COMP3630,First Semester 2026 See Future Offerings,https://programsandcourses.anu.edu.au/2026/course/COMP6363
2026,COMP6361,Programs and Courses,6 units,School of Computing,ANU College of Systems and Society Classification Advanced,Computer Science,Computer Science,PGRD,In Person Co-taught Course COMP3610,See Future Offerings,https://programsandcourses.anu.edu.au/2026/course/COMP6361
2026,COMP6390,Programs and Courses,6 units,School of Computing,ANU College of Systems and Society,Computer Science,"Computer Science, Software Engineering, Human Centred Computing",PGRD,In Person Co-taught Course COMP3900,Second Semester 2026 See Future Offerings,https://programsandcourses.anu.edu.au/2026/course/COMP6390
2026,COMP6434,Programs and Courses,6 units,School of Computing,ANU College of Systems and Society,Computer Science,Algorithms and Data,PGRD,In Person Co-taught Course COMP3430,,https://programsandcourses.anu.edu.au/2026/course/COMP6434
2026,COMP6442,Programs and Courses,6 units,School of Computing,ANU College of Systems and Society,Computer Science,"Computer Science, Information Technology, Software Engineering, Software Development",PGRD,In Person Co-taught Course COMP2100,First Semester 2026 Second Semester 2026 See Future Offerings,https://programsandcourses.anu.edu.au/2026/course/COMP6442
2026,COMP6445,Programs and Courses,6 units,School of Computing,ANU College of Systems and Society,Computer Science,"Computer Science, Information Technology, Software Engineering, Ethics, Advanced Computing",PGRD,In Person Co-taught Course COMP4450,First Semester 2026 See Future Offerings,https://programsandcourses.anu.edu.au/2026/course/COMP6445
2026,COMP6470,Programs and Courses,6 units,School of Computing,ANU College of Systems and Society,Computer Science,,PGRD,In Person,First Semester 2026 See Future Offerings,https://programsandcourses.anu.edu.au/2026/course/COMP6470
2026,COMP6466,Programs and Courses,6 units,School of Computing,ANU College of Systems and Society,Computer Science,"Computer Science, Information Technology, Software Engineering, Algorithms and Data, Computational Foundations",PGRD,In Person Co-taught Course COMP3600,Second Semester 2026 See Future Offerings,https://programsandcourses.anu.edu.au/2026/course/COMP6466
2026,COMP6464,Programs and Courses,6 units,School of Computing,ANU College of Systems and Society,Computer Science,"Computer Science, Information Technology, Software Engineering, Software Development, Computer Systems",PGRD,In Person Co-taught Course COMP3320,Second Semester 2026 See Future Offerings,https://programsandcourses.anu.edu.au/2026/course/COMP6464
2026,COMP6490,Programs and Courses,6 units,School of Computing,ANU College of Systems and Society,Computer Science,"Computer Science, Algorithms and Data, Artifical Intelligence",PGRD,In Person Co-taught Course COMP4650,Second Semester 2026 See Future Offerings,https://programsandcourses.anu.edu.au/2026/course/COMP6490
2026,COMP6528,Programs and Courses,6 units,School of Computing,ANU College of Systems and Society,Computer Science,"Computer Science, Engineering, Mechatronics, Advanced Computing, Artifical Intelligence",PGRD,In Person Co-taught Course COMP4528 ENGN4528 ENGN6528,First Semester 2026 See Future Offerings,https://programsandcourses.anu.edu.au/2026/course/COMP6528
2026,COMP6540,Programs and Courses,6 units,School of Computing,ANU College of Systems and Society,Computer Science,"Computer Science, Human Centred Computing, Creative Arts",PGRD,In Person Co-taught Course COMP3540,,https://programsandcourses.anu.edu.au/2026/course/COMP6540
2026,COMP6670,Programs and Courses,6 units,School of Computing,ANU College of Systems and Society,Computer Science,"Robotics, Intelligent Systems, Artifical Intelligence, Computer Systems",PGRD,In Person Co-taught Course COMP3670,Second Semester 2026 See Future Offerings,https://programsandcourses.anu.edu.au/2026/course/COMP6670
2026,COMP6710,Programs and Courses,6 units,School of Computing,ANU College of Systems and Society,Computer Science,"Business Information Systems, Computer Science, Software Engineering, Advanced Computing, Intelligent Systems",PGRD,In Person Co-taught Course COMP1110,First Semester 2026 Second Semester 2026 See Future Offerings,https://programsandcourses.anu.edu.au/2026/course/COMP6710
2026,COMP6720,Programs and Courses,6 units,School of Computing,ANU College of Systems and Society Classification Transitional,Computer Science,Computer Science,PGRD,In Person Co-taught Course COMP1720,,https://programsandcourses.anu.edu.au/2026/course/COMP6720
2026,COMP6730,Programs and Courses,6 units,School of Computing,ANU College of Systems and Society,Computer Science,"Earth and Marine Sciences, Medical Science, Bioinformatics, Physics, Science",PGRD,In Person Co-taught Course COMP1730,Second Semester 2026 See Future Offerings,https://programsandcourses.anu.edu.au/2026/course/COMP6730
2026,COMP6780,Programs and Courses,6 units,School of Computing,ANU College of Systems and Society,Computer Science,"Digital Arts, Visual Arts, Electronic Commerce, Information Technology, Software Engineering More...",PGRD,In Person Co-taught Course COMP1710,,https://programsandcourses.anu.edu.au/2026/course/COMP6780
2026,COMP6800,Programs and Courses,6 units,School of Computing,ANU College of Systems and Society,Computer Science,"Computer Science, Information Technology, Security Studies, Software Development, Computational Foundations",PGRD,In Person Co-taught Course COMP2700,First Semester 2026 See Future Offerings,https://programsandcourses.anu.edu.au/2026/course/COMP6800
2026,COMP7710,Programs and Courses,12 units,School of Computing,ANU College of Systems and Society,Computer Science,"Business Information Systems, Computer Science, Software Engineering, Advanced Computing, Intelligent Systems",PGRD,In Person,First Semester 2026 Second Semester 2026 See Future Offerings,https://programsandcourses.anu.edu.au/2026/course/COMP7710
2026,COMP8011,Programs and Courses,6 units,School of Computing,ANU College of Systems and Society,Computer Science,"Computer Science, Information Technology, Security Studies, Algorithms and Data, Computational Foundations",PGRD,In Person Co-taught Course COMP4011,Second Semester 2026 See Future Offerings,https://programsandcourses.anu.edu.au/2026/course/COMP8011
2026,COMP8020,Programs and Courses,6 units,School of Computing,ANU College of Systems and Society,Computer Science,,PGRD,In Person Co-taught Course COMP4020,Second Semester 2026 See Future Offerings,https://programsandcourses.anu.edu.au/2026/course/COMP8020
2026,COMP8045,Programs and Courses,6 units,School of Computing,ANU College of Systems and Society,Computer Science,"Computer Science, Information Technology, Computer Systems",PGRD,In Person Co-taught Course COMP4045,Second Semester 2026 See Future Offerings,https://programsandcourses.anu.edu.au/2026/course/COMP8045
2026,COMP8131,Programs and Courses,6 units,School of Computing,ANU College of Systems and Society,Computer Science,"Computer Science, Software Engineering, Security Studies, Software Development",PGRD,In Person Co-taught Course COMP4130,See Future Offerings,https://programsandcourses.anu.edu.au/2026/course/COMP8131
2026,COMP8260,Programs and Courses,6 units,School of Computing,ANU College of Systems and Society,Computer Science,"Computer Science, Engineering, Communications, Computer Systems, Computer Engineering",PGRD,In Person Co-taught Course ENGN8260,,https://programsandcourses.anu.edu.au/2026/course/COMP8260
2026,COMP8280,Programs and Courses,6 units,School of Computing,ANU College of Systems and Society,Computer Science,"Computer Science, Information Technology, Engineering, Ethics, Communications",PGRD,In Person Co-taught Course ENGN8280,First Semester 2026 Second Semester 2026 See Future Offerings,https://programsandcourses.anu.edu.au/2026/course/COMP8280
2026,COMP8300,Programs and Courses,6 units,School of Computing,ANU College of Systems and Society,Computer Science,"Computer Science, Information Technology, Algorithms and Data, Computer Systems",PGRD,In Person Co-taught Course COMP4300,See Future Offerings,https://programsandcourses.anu.edu.au/2026/course/COMP8300
2026,COMP8350,Programs and Courses,6 units,ANU College of Systems and Society,of Systems and Society . COMP8350 Academic Year 2026 2027 2026 2025 2024 2023 2022 2021 2020 2019 2018 2017 2016 2015 2014,Computer Science,"Music, Computer Science, Advanced Computing, Human Centred Computing, Creative Arts",PGRD,In Person Co-taught Course COMP4350,See Future Offerings,https://programsandcourses.anu.edu.au/2026/course/COMP8350
2026,COMP8410,Programs and Courses,6 units,School of Computing,ANU College of Systems and Society Classification Advanced,Computer Science,"Business Information Systems, Computer Science, Mathematics, Algorithms and Data, Artifical Intelligence",PGRD,In Person Co-taught Course COMP3425,First Semester 2026 See Future Offerings,https://programsandcourses.anu.edu.au/2026/course/COMP8410
2026,COMP8430,Programs and Courses,6 units,School of Computing,ANU College of Systems and Society Classification Advanced,Computer Science,,PGRD,In Person Co-taught Course COMP3430,Second Semester 2026 See Future Offerings,https://programsandcourses.anu.edu.au/2026/course/COMP8430
2026,COMP8460,Programs and Courses,6 units,School of Computing,ANU College of Systems and Society,Computer Science,"Computer Science, Algorithms and Data, Computational Foundations",PGRD,In Person Co-taught Course COMP4600,First Semester 2026 See Future Offerings,https://programsandcourses.anu.edu.au/2026/course/COMP8460
2026,COMP8500,Programs and Courses,12 units,School of Computing,ANU College of Systems and Society,Computer Science,"Computer Science, Information Technology, Software Engineering, Software Development",PGRD,In Person,,https://programsandcourses.anu.edu.au/2026/course/COMP8500
2026,COMP8490,Programs and Courses,6 units,School of Computing,ANU College of Systems and Society,Computer Science,"Computer Science, Information Systems, Algorithms and Data, Artifical Intelligence",PGRD,In Person Co-taught Course COMP4650,See Future Offerings,https://programsandcourses.anu.edu.au/2026/course/COMP8490
2026,COMP8536,Programs and Courses,6 units,School of Computing,ANU College of Systems and Society,Computer Science,Computer Science,PGRD,In Person,,https://programsandcourses.anu.edu.au/2026/course/COMP8536
2026,COMP8535,Programs and Courses,6 units,School of Engineering,ANU College of Systems and Society,Computer Science,"Statistics, Mechatronics, Algorithms and Data, Artifical Intelligence",PGRD,In Person Co-taught Course ENGN8535,First Semester 2026 See Future Offerings,https://programsandcourses.anu.edu.au/2026/course/COMP8535
2026,COMP8539,Programs and Courses,6 units,School of Computing,ANU College of Systems and Society,Computer Science,"Computer Science, Engineering, Electronics, Computer Systems, Computer Engineering",PGRD,In Person Co-taught Course ENGN8501,,https://programsandcourses.anu.edu.au/2026/course/COMP8539
2026,COMP8610,Programs and Courses,6 units,School of Computing,ANU College of Systems and Society,Computer Science,"Computer Science, Information Technology, Human Centred Computing, Intelligent Systems",PGRD,In Person Co-taught Course COMP4610,First Semester 2026 See Future Offerings,https://programsandcourses.anu.edu.au/2026/course/COMP8610
2026,COMP8691,Programs and Courses,6 units,School of Computing,ANU College of Systems and Society,Computer Science,"Computer Science, Artifical Intelligence",PGRD,In Person Co-taught Course COMP4691,Second Semester 2026 See Future Offerings,https://programsandcourses.anu.edu.au/2026/course/COMP8691
2026,COMP8703,Programs and Courses,6 units,School of Computing,ANU College of Systems and Society,Computer Science,"Computer Science, Software Engineering, Security Studies, Artifical Intelligence",PGRD,In Person Co-taught Course COMP4703,See Future Offerings,https://programsandcourses.anu.edu.au/2026/course/COMP8703
2026,COMP8712,Programs and Courses,6 units,School of Computing,ANU College of Systems and Society,Computer Science,"Computer Science, Software Engineering, Advanced Computing, Computer Systems, Computer Engineering",PGRD,In Person Co-taught Course COMP4712,First Semester 2026 See Future Offerings,https://programsandcourses.anu.edu.au/2026/course/COMP8712
2026,COMP8715,Programs and Courses,6 units,School of Computing,ANU College of Systems and Society,Computer Science,"Computer Science, Information Technology, Software Engineering, Software Development",PGRD,In Person,First Semester 2026 Second Semester 2026 See Future Offerings,https://programsandcourses.anu.edu.au/2026/course/COMP8715
2026,COMP8800,Programs and Courses,12 units,School of Computing,ANU College of Systems and Society,Computer Science,"Computer Science, Information Technology",PGRD,In Person,First Semester 2026 Second Semester 2026 See Future Offerings,https://programsandcourses.anu.edu.au/2026/course/COMP8800
2026,COMP8820,Programs and Courses,6 to 24 units,School of Computing,ANU College of Systems and Society,Computer Science,,PGRD,In Person,First Semester 2026 Second Semester 2026 See Future Offerings,https://programsandcourses.anu.edu.au/2026/course/COMP8820
2026,COMP8830,Programs and Courses,12 units,School of Computing,ANU College of Systems and Society,Computer Science,,PGRD,In Person,First Semester 2026 Second Semester 2026 See Future Offerings,https://programsandcourses.anu.edu.au/2026/course/COMP8830
2026,COMP8880,Programs and Courses,6 units,School of Computing,ANU College of Systems and Society,Computer Science,,PGRD,In Person Co-taught Course COMP4880,,https://programsandcourses.anu.edu.au/2026/course/COMP8880
2026,COMP8980,Programs and Courses,6 units,School of Computing,ANU College of Systems and Society,Computer Science,"Algorithms and Data, Computational Foundations",PGRD,In Person,,https://programsandcourses.anu.edu.au/2026/course/COMP8980
2026,COMP8999,Programs and Courses,3 to 24 units,School of Computing,ANU College of Systems and Society,Computer Science,Computer Science,RSCH,In Person,Quarter 1 2026 First Semester 2026 Quarter 2 2026 Quarter 3 2026 Second Semester 2026 Quarter 4 2026 See Future Offerings,https://programsandcourses.anu.edu.au/2026/course/COMP8999
2026,COMP5920,Programs and Courses,6 to 24 units,School of Computing,ANU College of Systems and Society,Computer Science,,UGRD,In Person,First Semester 2026 Second Semester 2026 See Future Offerings,https://programsandcourses.anu.edu.au/2026/course/COMP5920
2026,ENGN1211,Programs and Courses,6 units,School of Engineering,ANU College of Systems and Society,Engineering,"Mathematics, Physics, Information Technology, Software Engineering, Engineering More...",UGRD,In Person,First Semester 2026 See Future Offerings,https://programsandcourses.anu.edu.au/2026/course/ENGN1211
2026,ENGN1217,Programs and Courses,6 units,School of Engineering,ANU College of Systems and Society,Engineering,"Materials Science, Mathematics, Physics, Engineering, Mechatronics More...",UGRD,In Person,Second Semester 2026 See Future Offerings,https://programsandcourses.anu.edu.au/2026/course/ENGN1217
2026,ENGN1218,Programs and Courses,6 units,School of Engineering,ANU College of Systems and Society,Engineering,"Mathematics, Photonics, Physics, Software Engineering, Engineering More...",UGRD,In Person,Second Semester 2026 See Future Offerings,https://programsandcourses.anu.edu.au/2026/course/ENGN1218
2026,ENGN2218,Programs and Courses,6 units,School of Engineering,ANU College of Systems and Society,Engineering,"Mechatronics, Electronics, Communications, Robotics, Renewable Energy",UGRD,In Person,First Semester 2026 See Future Offerings,https://programsandcourses.anu.edu.au/2026/course/ENGN2218
2026,ENGN2219,Programs and Courses,6 units,School of Computing,ANU College of Systems and Society,Engineering,"Computer Science, Software Engineering, Computer Systems, Computer Engineering",UGRD,In Person Co-taught Course COMP2300 COMP6300,First Semester 2026 See Future Offerings,https://programsandcourses.anu.edu.au/2026/course/ENGN2219
2026,ENGN2217,Programs and Courses,6 units,School of Engineering,ANU College of Systems and Society,Engineering,"Engineering, Mechatronics, Mechanical",UGRD,In Person,First Semester 2026 See Future Offerings,https://programsandcourses.anu.edu.au/2026/course/ENGN2217
2026,ENGN2222,Programs and Courses,6 units,School of Engineering,ANU College of Systems and Society,Engineering,Engineering,UGRD,In Person,Second Semester 2026 See Future Offerings,https://programsandcourses.anu.edu.au/2026/course/ENGN2222
2026,ENGN2228,Programs and Courses,6 units,School of Engineering,ANU College of Systems and Society,Engineering,Engineering,UGRD,In Person,Second Semester 2026 See Future Offerings,https://programsandcourses.anu.edu.au/2026/course/ENGN2228
2026,ENGN2300,Programs and Courses,6 units,School of Engineering,ANU College of Systems and Society,Engineering,"Engineering, Design",UGRD,In Person,First Semester 2026 See Future Offerings,https://programsandcourses.anu.edu.au/2026/course/ENGN2300
2026,ENGN2301,Programs and Courses,6 units,School of Engineering,ANU College of Systems and Society,Engineering,"Engineering, Design",UGRD,In Person,Second Semester 2026 See Future Offerings,https://programsandcourses.anu.edu.au/2026/course/ENGN2301
2026,ENGN2707,Programs and Courses,6 units,School of Engineering,ANU College of Systems and Society,Engineering,,UGRD,In Person,First Semester 2026 Second Semester 2026 See Future Offerings,https://programsandcourses.anu.edu.au/2026/course/ENGN2707
2026,ENGN2706,Programs and Courses,6 units,School of Engineering,ANU College of Systems and Society,Engineering,Engineering,UGRD,In Person,First Semester 2026 See Future Offerings,https://programsandcourses.anu.edu.au/2026/course/ENGN2706
2026,ENGN3013,Programs and Courses,6 units,School of Engineering,ANU College of Systems and Society,Engineering,"Asian Languages, Health Medicine and the Body, Photonics, Clinical Psychology, Political Economy",UGRD,In Person,Summer Session 2026 Winter Session 2026 See Future Offerings,https://programsandcourses.anu.edu.au/2026/course/ENGN3013
2026,ENGN3100,Programs and Courses,0 units,School of Engineering,ANU College of Systems and Society,Engineering,Engineering,UGRD,In Person,Summer Session 2026 First Semester 2026 Winter Session 2026 Second Semester 2026 See Future Offerings,https://programsandcourses.anu.edu.au/2026/course/ENGN3100
2026,ENGN3200,Programs and Courses,6 to 24 units,School of Engineering,ANU College of Systems and Society,Engineering,Engineering,UGRD,In Person Co-taught Course ENGN6200,Summer Session 2026 First Semester 2026 Autumn Session 2026 Winter Session 2026 Second Semester 2026 Spring Session 2026 See Future Offerings,https://programsandcourses.anu.edu.au/2026/course/ENGN3200
2026,ENGN3223,Programs and Courses,6 units,School of Engineering,ANU College of Systems and Society,Engineering,Engineering,UGRD,In Person Co-taught Course ENGN6223,Second Semester 2026 See Future Offerings,https://programsandcourses.anu.edu.au/2026/course/ENGN3223
2026,ENGN3226,Programs and Courses,6 units,School of Engineering,ANU College of Systems and Society,Engineering,"Engineering, Electronics, Computer Engineering",UGRD,In Person,First Semester 2026 See Future Offerings,https://programsandcourses.anu.edu.au/2026/course/ENGN3226
2026,ENGN3224,Programs and Courses,6 units,School of Engineering,ANU College of Systems and Society,Engineering,Engineering,UGRD,In Person Co-taught Course ENGN6224,First Semester 2026 See Future Offerings,https://programsandcourses.anu.edu.au/2026/course/ENGN3224
2026,ENGN3300,Programs and Courses,6 units,School of Engineering,ANU College of Systems and Society,Engineering,"Engineering, Project Management",UGRD,In Person,First Semester 2026 See Future Offerings,https://programsandcourses.anu.edu.au/2026/course/ENGN3300
2026,ENGN3301,Programs and Courses,6 units,School of Engineering,ANU College of Systems and Society,Engineering,"Management, Engineering",UGRD,In Person,Second Semester 2026 See Future Offerings,https://programsandcourses.anu.edu.au/2026/course/ENGN3301
2026,ENGN3331,Programs and Courses,6 units,School of Engineering,ANU College of Systems and Society,Engineering,Engineering,UGRD,In Person Co-taught Course ENGN6331,First Semester 2026 See Future Offerings,https://programsandcourses.anu.edu.au/2026/course/ENGN3331
2026,ENGN3339,Programs and Courses,6 units,School of Engineering,ANU College of Systems and Society,Engineering,,UGRD,In Person,First Semester 2026 See Future Offerings,https://programsandcourses.anu.edu.au/2026/course/ENGN3339
2026,ENGN3350,Programs and Courses,6 units,School of Engineering,ANU College of Systems and Society,Engineering,,UGRD,In Person Co-taught Course ENGN6350,See Future Offerings,https://programsandcourses.anu.edu.au/2026/course/ENGN3350
2026,ENGN3338,Programs and Courses,6 units,School of Engineering,ANU College of Systems and Society,Engineering,,UGRD,In Person,First Semester 2026 See Future Offerings,https://programsandcourses.anu.edu.au/2026/course/ENGN3338
2026,ENGN3410,Programs and Courses,6 units,School of Engineering,ANU College of Systems and Society,Engineering,"Engineering, Sustainability",UGRD,In Person Co-taught Course ENGN6410,Second Semester 2026 See Future Offerings,https://programsandcourses.anu.edu.au/2026/course/ENGN3410
2026,ENGN3415,Programs and Courses,6 units,School of Engineering,ANU College of Systems and Society,Engineering,,UGRD,In Person,See Future Offerings,https://programsandcourses.anu.edu.au/2026/course/ENGN3415
2026,ENGN3516,Programs and Courses,6 units,School of Engineering,ANU College of Systems and Society,Engineering,"Engineering, Renewable Energy, Sustainability",UGRD,In Person Co-taught Course ENGN6516,Second Semester 2026 See Future Offerings,https://programsandcourses.anu.edu.au/2026/course/ENGN3516
2026,ENGN3539,Programs and Courses,6 units,School of Computing,ANU College of Systems and Society,Engineering,"Computer Science, Information Technology, Software Engineering, Communications, Computer Engineering",UGRD,In Person Co-taught Course COMP3310 COMP6331 ENGN6539,First Semester 2026 See Future Offerings,https://programsandcourses.anu.edu.au/2026/course/ENGN3539
2026,ENGN3706,Programs and Courses,6 units,School of Engineering,ANU College of Systems and Society,Engineering,Engineering,UGRD,In Person,First Semester 2026 Second Semester 2026 See Future Offerings,https://programsandcourses.anu.edu.au/2026/course/ENGN3706
2026,ENGN3712,Programs and Courses,6 to 12 units,School of Engineering,ANU College of Systems and Society,Engineering,Engineering,UGRD,In Person,First Semester 2026 Second Semester 2026 See Future Offerings,https://programsandcourses.anu.edu.au/2026/course/ENGN3712
2026,ENGN3820,Programs and Courses,6 units,School of Engineering,ANU College of Systems and Society,Engineering,"Engineering, Biomedical Science",UGRD,In Person Co-taught Course MEDN3820 MEDN6820,,https://programsandcourses.anu.edu.au/2026/course/ENGN3820
2026,ENGN3901,Programs and Courses,6 units,School of Engineering,ANU College of Systems and Society,Engineering,"Engineering, Sustainable Engineering, Water Science and Management",UGRD,In Person,First Semester 2026 See Future Offerings,https://programsandcourses.anu.edu.au/2026/course/ENGN3901
2026,ENGN3902,Programs and Courses,6 units,School of Engineering,ANU College of Systems and Society,Engineering,"Chemistry, Environmental Science, Sustainable Engineering",UGRD,In Person Co-taught Course ENVS3902,See Future Offerings,https://programsandcourses.anu.edu.au/2026/course/ENGN3902
2026,ENGN3903,Programs and Courses,6 units,School of Engineering,ANU College of Systems and Society,Engineering,"Environmental Studies, Engineering, Resource and Environmental Management",UGRD,In Person Co-taught Course ENVS3903,Second Semester 2026 See Future Offerings,https://programsandcourses.anu.edu.au/2026/course/ENGN3903
2026,ENGN4122,Programs and Courses,6 units,School of Engineering,ANU College of Systems and Society,Engineering,"Engineering, Mechatronics, Robotics, Intelligent Systems",UGRD,In Person Co-taught Course ENGN8122,Second Semester 2026 See Future Offerings,https://programsandcourses.anu.edu.au/2026/course/ENGN4122
2026,ENGN4213,Programs and Courses,6 units,School of Engineering,ANU College of Systems and Society,Engineering,"Computer Science, Information Technology, Engineering",UGRD,In Person Co-taught Course ENGN6213,First Semester 2026 See Future Offerings,https://programsandcourses.anu.edu.au/2026/course/ENGN4213
2026,ENGN4200,Programs and Courses,6 to 12 units,School of Engineering,ANU College of Systems and Society,Engineering,Engineering,UGRD,In Person,First Semester 2026 Second Semester 2026 See Future Offerings,https://programsandcourses.anu.edu.au/2026/course/ENGN4200
2026,ENGN4212,Programs and Courses,6 units,School of Engineering,ANU College of Systems and Society,Engineering,Engineering,UGRD,In Person Co-taught Course ENGN6212,,https://programsandcourses.anu.edu.au/2026/course/ENGN4212
2026,ENGN4300,Programs and Courses,6 to 12 units,School of Engineering,ANU College of Systems and Society,Engineering,"Engineering, Design",UGRD,In Person,First Semester 2026 Second Semester 2026 See Future Offerings,https://programsandcourses.anu.edu.au/2026/course/ENGN4300
2026,ENGN4338,Programs and Courses,6 units,ANU College of Systems and Society,of Systems and Society . ENGN4338 Academic Year 2026 2027 2026 2025 2024 2023 2022 2021 2020 2019 2018 2017 2016 2015 2014,Engineering,Engineering,UGRD,In Person,Second Semester 2026 See Future Offerings,https://programsandcourses.anu.edu.au/2026/course/ENGN4338
2026,ENGN4337,Programs and Courses,6 units,School of Engineering,ANU College of Systems and Society,Engineering,"Engineering, Robotics",UGRD,In Person,First Semester 2026 See Future Offerings,https://programsandcourses.anu.edu.au/2026/course/ENGN4337
2026,ENGN4339,Programs and Courses,6 units,ANU College of Systems and Society,of Systems and Society . ENGN4339 Academic Year 2026 2027 2026 2025 2024 2023 2022 2021 2020 2019 2018 2017 2016 2015 2014,Engineering,"Engineering, Mechatronics, Electronics",UGRD,In Person,Second Semester 2026 See Future Offerings,https://programsandcourses.anu.edu.au/2026/course/ENGN4339
2026,ENGN4350,Programs and Courses,6 to 12 units,School of Engineering,ANU College of Systems and Society,Engineering,Engineering,UGRD,In Person,First Semester 2026 Second Semester 2026 See Future Offerings,https://programsandcourses.anu.edu.au/2026/course/ENGN4350
2026,ENGN4430,Programs and Courses,6 units,School of Engineering,ANU College of Systems and Society,Engineering,,UGRD,In Person Co-taught Course ENGN8430,See Future Offerings,https://programsandcourses.anu.edu.au/2026/course/ENGN4430
2026,ENGN4521,Programs and Courses,6 units,School of Engineering,ANU College of Systems and Society,Engineering,Engineering,UGRD,In Person,,https://programsandcourses.anu.edu.au/2026/course/ENGN4521
2026,ENGN4520,Programs and Courses,6 units,School of Engineering,ANU College of Systems and Society,Engineering,Engineering,UGRD,In Person,See Future Offerings,https://programsandcourses.anu.edu.au/2026/course/ENGN4520
2026,ENGN4524,Programs and Courses,6 units,School of Engineering,ANU College of Systems and Society,Engineering,"Engineering, Renewable Energy",UGRD,In Person Co-taught Course ENGN6524,First Semester 2026 See Future Offerings,https://programsandcourses.anu.edu.au/2026/course/ENGN4524
2026,ENGN4528,Programs and Courses,6 units,School of Engineering,ANU College of Systems and Society,Engineering,"Computer Science, Engineering, Mechatronics, Advanced Computing, Information Systems",UGRD,In Person Co-taught Course COMP4528 COMP6528 ENGN6528,First Semester 2026 See Future Offerings,https://programsandcourses.anu.edu.au/2026/course/ENGN4528
2026,ENGN4548,Programs and Courses,6 units,School of Engineering,ANU College of Systems and Society,Engineering,"Engineering, Renewable Energy",UGRD,In Person Co-taught Course ENGN6548,Second Semester 2026 See Future Offerings,https://programsandcourses.anu.edu.au/2026/course/ENGN4548
2026,ENGN4537,Programs and Courses,6 units,School of Engineering,ANU College of Systems and Society,Engineering,Engineering,UGRD,In Person Co-taught Course ENGN6537,Second Semester 2026 See Future Offerings,https://programsandcourses.anu.edu.au/2026/course/ENGN4537
2026,ENGN4536,Programs and Courses,6 units,School of Engineering,ANU College of Systems and Society,Engineering,Engineering,UGRD,In Person Co-taught Course ENGN6536,Second Semester 2026 See Future Offerings,https://programsandcourses.anu.edu.au/2026/course/ENGN4536
2026,ENGN4547,Programs and Courses,6 units,School of Engineering,ANU College of Systems and Society,Engineering,"Engineering, Renewable Energy",UGRD,In Person Co-taught Course ENGN8831,First Semester 2026 See Future Offerings,https://programsandcourses.anu.edu.au/2026/course/ENGN4547
2026,ENGN4549,Programs and Courses,6 units,School of Engineering,ANU College of Systems and Society,Engineering,"Physics, Engineering, Nuclear Physics",UGRD,In Person,First Semester 2026 See Future Offerings,https://programsandcourses.anu.edu.au/2026/course/ENGN4549
2026,ENGN4625,Programs and Courses,6 units,School of Engineering,ANU College of Systems and Society,Engineering,Engineering,UGRD,In Person Co-taught Course ENGN6625,Second Semester 2026 See Future Offerings,https://programsandcourses.anu.edu.au/2026/course/ENGN4625
2026,ENGN4627,Programs and Courses,6 units,School of Engineering,ANU College of Systems and Society,Engineering,"Engineering, Mechatronics, Robotics",UGRD,In Person Co-taught Course ENGN6627,First Semester 2026 See Future Offerings,https://programsandcourses.anu.edu.au/2026/course/ENGN4627
2026,ENGN4628,Programs and Courses,6 units,School of Engineering,ANU College of Systems and Society,Engineering,Engineering,UGRD,In Person Co-taught Course ENGN6628,Second Semester 2026 See Future Offerings,https://programsandcourses.anu.edu.au/2026/course/ENGN4628
2026,ENGN4706,Programs and Courses,6 units,School of Engineering,ANU College of Systems and Society,Engineering,Engineering,UGRD,In Person,First Semester 2026 Second Semester 2026 See Future Offerings,https://programsandcourses.anu.edu.au/2026/course/ENGN4706
2026,ENGN4712,Programs and Courses,6 to 12 units,School of Engineering,ANU College of Systems and Society,Engineering,Engineering,UGRD,In Person,First Semester 2026 Second Semester 2026 See Future Offerings,https://programsandcourses.anu.edu.au/2026/course/ENGN4712
2026,ENGN4718,Programs and Courses,6 to 18 units,School of Engineering,ANU College of Systems and Society,Engineering,Photonics,UGRD,In Person,First Semester 2026 Second Semester 2026 See Future Offerings,https://programsandcourses.anu.edu.au/2026/course/ENGN4718
2026,ENGN4810,Programs and Courses,6 units,School of Engineering,ANU College of Systems and Society,Engineering,"Engineering, Biomedical Science",UGRD,In Person,,https://programsandcourses.anu.edu.au/2026/course/ENGN4810
2026,ENGN4820,Programs and Courses,6 units,School of Engineering,ANU College of Systems and Society,Engineering,"Engineering, Mechatronics, Electronics, Materials, Mechanical More...",UGRD,In Person,,https://programsandcourses.anu.edu.au/2026/course/ENGN4820
2026,ENGN4901,Programs and Courses,6 units,School of Engineering,ANU College of Systems and Society,Engineering,"Engineering, Environmental Science, Resource and Environmental Management",UGRD,In Person,First Semester 2026 See Future Offerings,https://programsandcourses.anu.edu.au/2026/course/ENGN4901
2026,ENGN4902,Programs and Courses,6 units,School of Engineering,ANU College of Systems and Society,Engineering,"Environmental Studies, Engineering, Resource and Environmental Management",UGRD,In Person,First Semester 2026 See Future Offerings,https://programsandcourses.anu.edu.au/2026/course/ENGN4902
2026,ENGN4903,Programs and Courses,6 units,School of Engineering,ANU College of Systems and Society,Engineering,"Environmental Studies, Engineering, Resource and Environmental Management, Design",UGRD,In Person,Second Semester 2026 See Future Offerings,https://programsandcourses.anu.edu.au/2026/course/ENGN4903
2026,ENGN6213,Programs and Courses,6 units,School of Engineering,ANU College of Systems and Society,Engineering,"Engineering, Computer Engineering",PGRD,In Person Co-taught Course ENGN4213,First Semester 2026 See Future Offerings,https://programsandcourses.anu.edu.au/2026/course/ENGN6213
2026,ENGN6200,Programs and Courses,6 to 24 units,School of Engineering,ANU College of Systems and Society,Engineering,Engineering,PGRD,In Person Co-taught Course ENGN3200,Summer Session 2026 First Semester 2026 Autumn Session 2026 Winter Session 2026 Second Semester 2026 Spring Session 2026 See Future Offerings,https://programsandcourses.anu.edu.au/2026/course/ENGN6200
2026,ENGN6223,Programs and Courses,6 units,School of Engineering,ANU College of Systems and Society,Engineering,"Engineering, Robotics",PGRD,In Person Co-taught Course ENGN3223,Second Semester 2026 See Future Offerings,https://programsandcourses.anu.edu.au/2026/course/ENGN6223
2026,ENGN6224,Programs and Courses,6 units,School of Engineering,ANU College of Systems and Society,Engineering,,PGRD,In Person Co-taught Course ENGN3224,First Semester 2026 See Future Offerings,https://programsandcourses.anu.edu.au/2026/course/ENGN6224
2026,ENGN6250,Programs and Courses,6 units,School of Engineering,ANU College of Systems and Society,Engineering,"Computer Science, Engineering, Communications, Computer Systems, Computer Engineering",PGRD,In Person Co-taught Course COMP6250,,https://programsandcourses.anu.edu.au/2026/course/ENGN6250
2026,ENGN6331,Programs and Courses,6 units,School of Engineering,ANU College of Systems and Society,Engineering,Engineering,PGRD,In Person Co-taught Course ENGN3331,First Semester 2026 See Future Offerings,https://programsandcourses.anu.edu.au/2026/course/ENGN6331
2026,ENGN6350,Programs and Courses,6 units,School of Engineering,ANU College of Systems and Society,Engineering,,PGRD,In Person Co-taught Course ENGN3350,See Future Offerings,https://programsandcourses.anu.edu.au/2026/course/ENGN6350
2026,ENGN6415,Programs and Courses,6 units,School of Engineering,ANU College of Systems and Society,Engineering,,PGRD,In Person,See Future Offerings,https://programsandcourses.anu.edu.au/2026/course/ENGN6415
2026,ENGN6410,Programs and Courses,6 units,School of Engineering,ANU College of Systems and Society,Engineering,,PGRD,In Person Co-taught Course ENGN3410,Second Semester 2026 See Future Offerings,https://programsandcourses.anu.edu.au/2026/course/ENGN6410
2026,ENGN6524,Programs and Courses,6 units,School of Engineering,ANU College of Systems and Society,Engineering,"Engineering, Renewable Energy",PGRD,In Person Co-taught Course ENGN4524,First Semester 2026 See Future Offerings,https://programsandcourses.anu.edu.au/2026/course/ENGN6524
2026,ENGN6528,Programs and Courses,6 units,School of Engineering,ANU College of Systems and Society,Engineering,"Computer Science, Engineering, Mechatronics, Advanced Computing, Artifical Intelligence",PGRD,In Person Co-taught Course COMP4528 COMP6528 ENGN4528,First Semester 2026 See Future Offerings,https://programsandcourses.anu.edu.au/2026/course/ENGN6528
2026,ENGN6516,Programs and Courses,6 units,School of Engineering,ANU College of Systems and Society Classification Advanced,Engineering,Engineering,PGRD,In Person Co-taught Course ENGN3516,Second Semester 2026 See Future Offerings,https://programsandcourses.anu.edu.au/2026/course/ENGN6516
2026,ENGN6536,Programs and Courses,6 units,School of Engineering,ANU College of Systems and Society,Engineering,Engineering,PGRD,In Person Co-taught Course ENGN4536,Second Semester 2026 See Future Offerings,https://programsandcourses.anu.edu.au/2026/course/ENGN6536
2026,ENGN6548,Programs and Courses,6 units,School of Engineering,ANU College of Systems and Society,Engineering,"Engineering, Renewable Energy",PGRD,In Person Co-taught Course ENGN4548,Second Semester 2026 See Future Offerings,https://programsandcourses.anu.edu.au/2026/course/ENGN6548
2026,ENGN6539,Programs and Courses,6 units,School of Computing,ANU College of Systems and Society,Engineering,"Computer Science, Information Technology, Software Engineering, Communications, Computer Engineering",PGRD,In Person Co-taught Course COMP3310 COMP6331 ENGN3539,First Semester 2026 See Future Offerings,https://programsandcourses.anu.edu.au/2026/course/ENGN6539
2026,ENGN6537,Programs and Courses,6 units,School of Engineering,ANU College of Systems and Society,Engineering,"Engineering, Electronics",PGRD,In Person Co-taught Course ENGN4537,Second Semester 2026 See Future Offerings,https://programsandcourses.anu.edu.au/2026/course/ENGN6537
2026,ENGN6626,Programs and Courses,6 units,School of Engineering,ANU College of Systems and Society,Engineering,"Engineering, Electronics, Computer Engineering",PGRD,In Person,First Semester 2026 See Future Offerings,https://programsandcourses.anu.edu.au/2026/course/ENGN6626
2026,ENGN6628,Programs and Courses,6 units,School of Engineering,ANU College of Systems and Society,Engineering,,PGRD,In Person Co-taught Course ENGN4628,Second Semester 2026 See Future Offerings,https://programsandcourses.anu.edu.au/2026/course/ENGN6628
2026,ENGN6625,Programs and Courses,6 units,School of Engineering,ANU College of Systems and Society Classification Advanced,Engineering,"Engineering, Electronics",PGRD,In Person Co-taught Course ENGN4625,Second Semester 2026 See Future Offerings,https://programsandcourses.anu.edu.au/2026/course/ENGN6625
2026,ENGN6627,Programs and Courses,6 units,School of Engineering,ANU College of Systems and Society,Engineering,"Engineering, Mechatronics, Robotics",PGRD,In Person Co-taught Course ENGN4627,First Semester 2026 See Future Offerings,https://programsandcourses.anu.edu.au/2026/course/ENGN6627
